User,agg_positive_percentage,agg_negative_percentage,total_positive_count,total_negative_count,unique_recommendation,recommendation_count
00sab00,95.67901234567901,4.320987654320987,155.0,7.0,Yes,5
01impala,92.81767955801105,7.18232044198895,168.0,13.0,Yes,5
02dakota,92.81767955801105,7.18232044198895,168.0,13.0,Yes,5
02deuce,92.81767955801105,7.18232044198895,168.0,13.0,Yes,5
0325home,99.08872901678657,0.9112709832134293,2066.0,19.0,Yes,5
06stidriver,99.08872901678657,0.9112709832134293,2066.0,19.0,Yes,5
08dallas,97.6608187134503,2.3391812865497075,1002.0,24.0,Yes,5
09mommy11,99.4057810454225,0.5942189545775003,9870.0,59.0,Yes,5
1.11E+24,99.08872901678657,0.9112709832134293,2066.0,19.0,Yes,5
1085,97.17514124293785,2.824858757062147,344.0,10.0,Yes,5
10ten,99.63734206832008,0.3626579316799251,8517.0,31.0,Yes,5
11111111aaaaaaaaaaaaaaaaa,83.33333333333334,16.666666666666664,25.0,5.0,Yes,5
1234,92.0,8.0,46.0,4.0,Yes,5
1234561,99.08872901678657,0.9112709832134293,2066.0,19.0,Yes,5
1234567,99.08872901678657,0.9112709832134293,2066.0,19.0,Yes,5
1234asdf,99.60268659540252,0.39731340459748365,10529.0,42.0,Yes,5
123cat123,97.17514124293785,2.824858757062147,344.0,10.0,Yes,5
123charlie,97.01253667644704,2.9874633235529475,3637.0,112.0,No,5
123numbers,92.81767955801105,7.18232044198895,168.0,13.0,Yes,5
123rs,99.08872901678657,0.9112709832134293,2066.0,19.0,Yes,5
123too,99.68350720900247,0.31649279099753835,8504.0,27.0,Yes,5
127726,97.01253667644704,2.9874633235529475,3637.0,112.0,Yes,5
12cass12,99.08872901678657,0.9112709832134293,2066.0,19.0,Yes,5
12gage,92.81767955801105,7.18232044198895,168.0,13.0,Yes,5
132457,99.4057810454225,0.5942189545775003,9870.0,59.0,Yes,5
13dani,99.08872901678657,0.9112709832134293,2066.0,19.0,Yes,5
13ram,83.33333333333334,16.666666666666664,25.0,5.0,Yes,5
13thfaerie,99.08872901678657,0.9112709832134293,2066.0,19.0,Yes,5
1421nikki,99.08872901678657,0.9112709832134293,2066.0,19.0,Yes,5
143st,95.42483660130719,4.57516339869281,438.0,21.0,Yes,5
148maine,91.97860962566845,8.02139037433155,172.0,15.0,Yes,5
15425shopper,98.36065573770492,1.639344262295082,240.0,4.0,Yes,5
170361eggs,92.81767955801105,7.18232044198895,168.0,13.0,Yes,5
17roses,96.07329842931938,3.926701570680628,367.0,15.0,Yes,5
1863philly,96.3963963963964,3.6036036036036037,214.0,8.0,Yes,5
1943,99.506331830865,0.49366816913500755,9272.0,46.0,Yes,5
1950rmm,98.96142433234422,1.0385756676557862,2668.0,28.0,Yes,5
1968bear,99.4057810454225,0.5942189545775003,9870.0,59.0,Yes,5
1970,92.81767955801105,7.18232044198895,168.0,13.0,Yes,5
1992firebirdgirl,99.4057810454225,0.5942189545775003,9870.0,59.0,Yes,5
19bubba67,92.81767955801105,7.18232044198895,168.0,13.0,Yes,5
1awesome1,99.67197750702906,0.32802249297094654,8508.0,28.0,Yes,5
1boomer,100.0,0.0,9.0,0.0,Yes,5
1buzymom,99.08872901678657,0.9112709832134293,2066.0,19.0,Yes,5
1cadet,92.81767955801105,7.18232044198895,168.0,13.0,Yes,5
1clean1,99.08872901678657,0.9112709832134293,2066.0,19.0,Yes,5
1cleaner,99.08872901678657,0.9112709832134293,2066.0,19.0,Yes,5
1cocoafan,96.07329842931938,3.926701570680628,367.0,15.0,Yes,5
1derpet1,98.36065573770492,1.639344262295082,240.0,4.0,Yes,5
1disappoint,83.33333333333334,16.666666666666664,25.0,5.0,Yes,5
1friendlycat,98.96142433234422,1.0385756676557862,2668.0,28.0,Yes,5
1glenn,92.3076923076923,7.6923076923076925,12.0,1.0,Yes,5
1gra,92.81767955801105,7.18232044198895,168.0,13.0,Yes,5
1gussy,95.42483660130719,4.57516339869281,438.0,21.0,Yes,5
1happymom,98.88320148906467,1.116798510935319,2125.0,24.0,Yes,5
1healthytot,83.33333333333334,16.666666666666664,25.0,5.0,Yes,5
1jc1,99.506331830865,0.49366816913500755,9272.0,46.0,Yes,5
1jodie,99.08872901678657,0.9112709832134293,2066.0,19.0,Yes,5
1kindword,98.49462365591398,1.5053763440860215,2290.0,35.0,Yes,5
1nikki31t,99.68350720900247,0.31649279099753835,8504.0,27.0,Yes,5
1officegal,99.506331830865,0.49366816913500755,9272.0,46.0,Yes,5
1olaygal,99.60384833050368,0.39615166949632147,10560.0,42.0,Yes,5
1pleasedclient,96.3963963963964,3.6036036036036037,214.0,8.0,Yes,5
1scooby1,99.08872901678657,0.9112709832134293,2066.0,19.0,Yes,5
1shop,99.08872901678657,0.9112709832134293,2066.0,19.0,Yes,5
1sonny,95.42483660130719,4.57516339869281,438.0,21.0,Yes,5
1stgrade,99.08872901678657,0.9112709832134293,2066.0,19.0,Yes,5
1stlady,99.08872901678657,0.9112709832134293,2066.0,19.0,Yes,5
1sttimemama,99.08872901678657,0.9112709832134293,2066.0,19.0,Yes,5
1sungirl,92.3076923076923,7.6923076923076925,12.0,1.0,Yes,5
1texasmom,99.08872901678657,0.9112709832134293,2066.0,19.0,Yes,5
1tomg,96.3963963963964,3.6036036036036037,214.0,8.0,Yes,5
1wildbill2l,99.13127413127413,0.8687258687258688,2054.0,18.0,Yes,5
1witch,99.00568181818183,0.9943181818181818,2091.0,21.0,Yes,5
2011mom2b,98.36065573770492,1.639344262295082,240.0,4.0,Yes,5
2011pink2011,94.7463768115942,5.253623188405797,523.0,29.0,Yes,5
2013bestbuyer,92.81767955801105,7.18232044198895,168.0,13.0,Yes,5
2014bestbuys,95.42483660130719,4.57516339869281,438.0,21.0,Yes,5
2015mom,99.08872901678657,0.9112709832134293,2066.0,19.0,Yes,5
2016home,99.13127413127413,0.8687258687258688,2054.0,18.0,Yes,5
2016parker10,83.33333333333334,16.666666666666664,25.0,5.0,Yes,5
2062351337,99.63734206832008,0.3626579316799251,8517.0,31.0,Yes,5
20crafter16,96.07329842931938,3.926701570680628,367.0,15.0,Yes,5
21honey,99.08872901678657,0.9112709832134293,2066.0,19.0,Yes,5
2455,100.0,0.0,20.0,0.0,Yes,5
2532674594,99.60384833050368,0.39615166949632147,10560.0,42.0,Yes,5
262jennifer,99.08872901678657,0.9112709832134293,2066.0,19.0,Yes,5
2827,97.17514124293785,2.824858757062147,344.0,10.0,Yes,5
28green,96.3963963963964,3.6036036036036037,214.0,8.0,Yes,5
295259,97.17514124293785,2.824858757062147,344.0,10.0,Yes,5
2bgreen,99.08872901678657,0.9112709832134293,2066.0,19.0,Yes,5
2busy4u,99.60384833050368,0.39615166949632147,10560.0,42.0,Yes,5
2choclabs,83.33333333333334,16.666666666666664,25.0,5.0,Yes,5
2cutekids,99.4057810454225,0.5942189545775003,9870.0,59.0,Yes,5
2ds4es14,98.88320148906467,1.116798510935319,2125.0,24.0,Yes,5
2forhokies,99.4057810454225,0.5942189545775003,9870.0,59.0,Yes,5
2go4savings,99.08872901678657,0.9112709832134293,2066.0,19.0,Yes,5
2hearts1love,92.3076923076923,7.6923076923076925,12.0,1.0,Yes,5
2iceskates,96.07329842931938,3.926701570680628,367.0,15.0,Yes,5
2rogersmakearight,92.81767955801105,7.18232044198895,168.0,13.0,Yes,5
2sweetdaisies,100.0,0.0,43.0,0.0,Yes,5
2thumbsup,97.01253667644704,2.9874633235529475,3637.0,112.0,Yes,5
2w0cat5z,95.42483660130719,4.57516339869281,438.0,21.0,Yes,5
2xmom,99.08872901678657,0.9112709832134293,2066.0,19.0,Yes,5
30103,92.3076923076923,7.6923076923076925,12.0,1.0,Yes,5
3276teev,99.08872901678657,0.9112709832134293,2066.0,19.0,Yes,5
370gt,92.81767955801105,7.18232044198895,168.0,13.0,Yes,5
37f5p,98.97244278374592,1.027557216254087,2119.0,22.0,Yes,5
38redsox,97.01253667644704,2.9874633235529475,3637.0,112.0,Yes,5
3babiesat41,97.6923076923077,2.307692307692308,254.0,6.0,Yes,5
3bees,99.4057810454225,0.5942189545775003,9870.0,59.0,Yes,5
3card,98.36065573770492,1.639344262295082,240.0,4.0,Yes,5
3dcav,95.42483660130719,4.57516339869281,438.0,21.0,Yes,5
3dfan,92.81767955801105,7.18232044198895,168.0,13.0,Yes,5
3dknights,92.81767955801105,7.18232044198895,168.0,13.0,Yes,5
3dmoviewatcher,92.81767955801105,7.18232044198895,168.0,13.0,Yes,5
3dpenguin,92.81767955801105,7.18232044198895,168.0,13.0,Yes,5
3dpic,92.81767955801105,7.18232044198895,168.0,13.0,Yes,5
3kids,99.08872901678657,0.9112709832134293,2066.0,19.0,Yes,5
3lilones,99.08872901678657,0.9112709832134293,2066.0,19.0,Yes,5
3littleswimmers,99.4057810454225,0.5942189545775003,9870.0,59.0,Yes,5
3ringbandb,96.07329842931938,3.926701570680628,367.0,15.0,Yes,5
3ringcircus,97.17514124293785,2.824858757062147,344.0,10.0,Yes,5
3scissors,96.97542533081285,3.0245746691871456,1026.0,32.0,Yes,5
3skyyblue,84.0,16.0,21.0,4.0,Yes,5
4 rooms 1 dog lotsa fur,98.49462365591398,1.5053763440860215,2290.0,35.0,Yes,5
4048197640,99.60384833050368,0.39615166949632147,10560.0,42.0,Yes,5
4141,99.13127413127413,0.8687258687258688,2054.0,18.0,Yes,5
45mindishqueen,100.0,0.0,9.0,0.0,Yes,5
4795181377,99.60384833050368,0.39615166949632147,10560.0,42.0,Yes,5
49ersfor6,99.00568181818183,0.9943181818181818,2091.0,21.0,Yes,5
4cloroxl,99.08872901678657,0.9112709832134293,2066.0,19.0,Yes,5
4frugal,99.08872901678657,0.9112709832134293,2066.0,19.0,Yes,5
4momma88,99.08872901678657,0.9112709832134293,2066.0,19.0,Yes,5
4my5goldens,94.7463768115942,5.253623188405797,523.0,29.0,Yes,5
4parman,95.63106796116504,4.368932038834951,591.0,27.0,Yes,5
4th grade teacher,99.03719912472647,0.9628008752735231,2263.0,22.0,Yes,5
4theloveofclorox,99.08872901678657,0.9112709832134293,2066.0,19.0,Yes,5
50cal,91.30434782608695,8.695652173913043,105.0,10.0,Yes,5
5150seriousshopper5150,99.56041478809739,0.43958521190261496,8833.0,39.0,Yes,5
530germkiller,99.08872901678657,0.9112709832134293,2066.0,19.0,Yes,5
54867906,99.08872901678657,0.9112709832134293,2066.0,19.0,Yes,5
551580,99.61207304380736,0.38792695619263884,10528.0,41.0,Yes,5
5742870423,99.60384833050368,0.39615166949632147,10560.0,42.0,Yes,5
57susie,95.29411764705881,4.705882352941177,162.0,8.0,Yes,5
5boysohmy,99.08872901678657,0.9112709832134293,2066.0,19.0,Yes,5
5mcdaniels,95.42483660130719,4.57516339869281,438.0,21.0,Yes,5
5star414,99.00568181818183,0.9943181818181818,2091.0,21.0,Yes,5
6211958,95.29411764705881,4.705882352941177,162.0,8.0,Yes,5
62deuce,95.42483660130719,4.57516339869281,438.0,21.0,Yes,5
64falcon,92.81767955801105,7.18232044198895,168.0,13.0,Yes,5
6623443094,99.60384833050368,0.39615166949632147,10560.0,42.0,Yes,5
6787249844,99.60384833050368,0.39615166949632147,10560.0,42.0,Yes,5
69chopper,98.88320148906467,1.116798510935319,2125.0,24.0,Yes,5
6cockers,97.17514124293785,2.824858757062147,344.0,10.0,Yes,5
6mex2,98.88320148906467,1.116798510935319,2125.0,24.0,Yes,5
6utefans,96.07329842931938,3.926701570680628,367.0,15.0,Yes,5
7,98.22109275730622,1.7789072426937738,2319.0,42.0,Yes,5
7.87E+11,98.88320148906467,1.116798510935319,2125.0,24.0,Yes,5
70cohoosier,92.81767955801105,7.18232044198895,168.0,13.0,Yes,5
714reginald,92.81767955801105,7.18232044198895,168.0,13.0,Yes,5
714rv,98.88320148906467,1.116798510935319,2125.0,24.0,Yes,5
74corvetteguy,95.63106796116504,4.368932038834951,591.0,27.0,Yes,5
7737593842,100.0,0.0,41.0,0.0,Yes,5
79captm79,98.88320148906467,1.116798510935319,2125.0,24.0,Yes,5
7autumn5,96.07329842931938,3.926701570680628,367.0,15.0,Yes,5
7frances7,97.17514124293785,2.824858757062147,344.0,10.0,Yes,5
7inthenest,99.08872901678657,0.9112709832134293,2066.0,19.0,Yes,5
7of9,95.42483660130719,4.57516339869281,438.0,21.0,Yes,5
7rick,95.42483660130719,4.57516339869281,438.0,21.0,Yes,5
8.84E+11,92.81767955801105,7.18232044198895,168.0,13.0,Yes,5
80021mom,98.88320148906467,1.116798510935319,2125.0,24.0,Yes,5
8023,95.42483660130719,4.57516339869281,438.0,21.0,Yes,5
81t21,92.81767955801105,7.18232044198895,168.0,13.0,Yes,5
827,94.02985074626866,5.970149253731343,63.0,4.0,Yes,5
85721747267,99.60384833050368,0.39615166949632147,10560.0,42.0,Yes,5
8574178605,99.60384833050368,0.39615166949632147,10560.0,42.0,Yes,5
85lisa,99.08872901678657,0.9112709832134293,2066.0,19.0,Yes,5
8675309,96.97542533081285,3.0245746691871456,1026.0,32.0,Yes,5
88brit06,99.60268659540252,0.39731340459748365,10529.0,42.0,Yes,5
89c46698305f04e39d57a88a2c5c3ce297787288,83.33333333333334,16.666666666666664,25.0,5.0,Yes,5
8bithero,92.81767955801105,7.18232044198895,168.0,13.0,Yes,5
8ellie24,99.08872901678657,0.9112709832134293,2066.0,19.0,Yes,5
8kucs,98.88320148906467,1.116798510935319,2125.0,24.0,Yes,5
8mooshu,95.42483660130719,4.57516339869281,438.0,21.0,Yes,5
8rob1,92.81767955801105,7.18232044198895,168.0,13.0,Yes,5
8sk8anddon8,92.81767955801105,7.18232044198895,168.0,13.0,Yes,5
8thred,99.08872901678657,0.9112709832134293,2066.0,19.0,Yes,5
9003058363,99.60384833050368,0.39615166949632147,10560.0,42.0,Yes,5
987654321abc,95.42483660130719,4.57516339869281,438.0,21.0,Yes,5
98nd500,95.42483660130719,4.57516339869281,438.0,21.0,Yes,5
9thdoctor,98.88320148906467,1.116798510935319,2125.0,24.0,Yes,5
_christenak,96.97542533081285,3.0245746691871456,1026.0,32.0,Yes,5
a hutch,99.60268659540252,0.39731340459748365,10529.0,42.0,Yes,5
a leaf on the family tree,99.03719912472647,0.9628008752735231,2263.0,22.0,Yes,5
a1126,99.08872901678657,0.9112709832134293,2066.0,19.0,Yes,5
a11mxdup,99.613171053873,0.3868289461269931,10558.0,41.0,Yes,5
a1s3,99.09154437456324,0.9084556254367574,1418.0,13.0,Yes,5
a786,99.08872901678657,0.9112709832134293,2066.0,19.0,Yes,5
aaaa,99.67197750702906,0.32802249297094654,8508.0,28.0,Yes,5
aabrannon,100.0,0.0,41.0,0.0,Yes,5
aac06002,97.9002624671916,2.099737532808399,373.0,8.0,Yes,5
aac3,99.13127413127413,0.8687258687258688,2054.0,18.0,Yes,5
aagbaghagmom,99.4057810454225,0.5942189545775003,9870.0,59.0,Yes,5
aalyah,99.4057810454225,0.5942189545775003,9870.0,59.0,Yes,5
aarhus74,96.07329842931938,3.926701570680628,367.0,15.0,Yes,5
aaron,96.08938547486034,3.910614525139665,172.0,7.0,Yes,5
aaronlab,92.81767955801105,7.18232044198895,168.0,13.0,Yes,5
aaronm,97.6608187134503,2.3391812865497075,1002.0,24.0,Yes,5
aaulvu,96.3963963963964,3.6036036036036037,214.0,8.0,Yes,5
aayla,99.08872901678657,0.9112709832134293,2066.0,19.0,Yes,5
ab1015,99.08872901678657,0.9112709832134293,2066.0,19.0,Yes,5
ab45,97.17514124293785,2.824858757062147,344.0,10.0,Yes,5
ab86,99.08872901678657,0.9112709832134293,2066.0,19.0,Yes,5
abacadaba,99.08872901678657,0.9112709832134293,2066.0,19.0,Yes,5
abam,92.81767955801105,7.18232044198895,168.0,13.0,Yes,5
abananie,92.81767955801105,7.18232044198895,168.0,13.0,Yes,5
abarker1215,99.08872901678657,0.9112709832134293,2066.0,19.0,Yes,5
abashli,95.42483660130719,4.57516339869281,438.0,21.0,Yes,5
abaybay,99.4057810454225,0.5942189545775003,9870.0,59.0,Yes,5
abbey,99.44993264481366,0.5500673551863493,8859.0,49.0,Yes,5
abbey64,99.08872901678657,0.9112709832134293,2066.0,19.0,Yes,5
abbi,99.43400498075617,0.5659950192438307,8784.0,50.0,Yes,5
abbs77,99.08872901678657,0.9112709832134293,2066.0,19.0,Yes,5
abbuyguy,92.81767955801105,7.18232044198895,168.0,13.0,Yes,5
abby,99.50643776824035,0.4935622317596567,9274.0,46.0,Yes,5
abby1,99.68472676319476,0.31527323680523117,8537.0,27.0,Yes,5
abby11,99.08872901678657,0.9112709832134293,2066.0,19.0,Yes,5
abby132,99.08872901678657,0.9112709832134293,2066.0,19.0,Yes,5
abby8992,99.08872901678657,0.9112709832134293,2066.0,19.0,Yes,5
abc,99.62586227054835,0.37413772945165436,8521.0,32.0,Yes,5
abc1245,99.08872901678657,0.9112709832134293,2066.0,19.0,Yes,5
abc3,97.6608187134503,2.3391812865497075,1002.0,24.0,Yes,5
abcd,100.0,0.0,41.0,0.0,Yes,5
abcd12345,95.85798816568047,4.142011834319527,162.0,7.0,Yes,5
abcdef,99.506331830865,0.49366816913500755,9272.0,46.0,Yes,5
abcdefghij,99.08872901678657,0.9112709832134293,2066.0,19.0,Yes,5
abcgator,99.4057810454225,0.5942189545775003,9870.0,59.0,Yes,5
abcssds,99.08872901678657,0.9112709832134293,2066.0,19.0,Yes,5
abctech,92.81767955801105,7.18232044198895,168.0,13.0,Yes,5
abd1,98.88320148906467,1.116798510935319,2125.0,24.0,Yes,5
abear93,99.63945103512445,0.36054896487555244,8567.0,31.0,Yes,5
abesb,92.81767955801105,7.18232044198895,168.0,13.0,Yes,5
abeverly7,95.18716577540107,4.81283422459893,178.0,9.0,Yes,5
abf1987,99.50993495500312,0.4900650449968814,11168.0,55.0,Yes,5
abigail,96.97542533081285,3.0245746691871456,1026.0,32.0,Yes,5
abigail32,99.08872901678657,0.9112709832134293,2066.0,19.0,Yes,5
abihaven,99.08872901678657,0.9112709832134293,2066.0,19.0,Yes,5
abismomy,99.08872901678657,0.9112709832134293,2066.0,19.0,No,5
abm1976,95.29411764705881,4.705882352941177,162.0,8.0,Yes,5
abm27,99.08872901678657,0.9112709832134293,2066.0,19.0,Yes,5
aboh,99.00568181818183,0.9943181818181818,2091.0,21.0,Yes,5
abphillips7858,99.13127413127413,0.8687258687258688,2054.0,18.0,Yes,5
abqdavenm,98.49462365591398,1.5053763440860215,2290.0,35.0,Yes,5
abrams,99.08872901678657,0.9112709832134293,2066.0,19.0,Yes,5
abret,99.4057810454225,0.5942189545775003,9870.0,59.0,Yes,5
abrinegarwky,99.00568181818183,0.9943181818181818,2091.0,21.0,Yes,5
abruscini,99.4057810454225,0.5942189545775003,9870.0,59.0,Yes,5
abryant,99.08872901678657,0.9112709832134293,2066.0,19.0,Yes,5
ac228,97.17514124293785,2.824858757062147,344.0,10.0,Yes,5
ac94,99.4057810454225,0.5942189545775003,9870.0,59.0,No,5
acadia,98.88320148906467,1.116798510935319,2125.0,24.0,Yes,5
acamechis,99.08872901678657,0.9112709832134293,2066.0,19.0,Yes,5
acarrera9461,97.01253667644704,2.9874633235529475,3637.0,112.0,Yes,5
acarrill93,100.0,0.0,41.0,0.0,Yes,5
acasabel,99.08872901678657,0.9112709832134293,2066.0,19.0,Yes,5
acceber32,99.08872901678657,0.9112709832134293,2066.0,19.0,Yes,5
accidbuurn,98.49462365591398,1.5053763440860215,2290.0,35.0,Yes,5
accwiz,99.08872901678657,0.9112709832134293,2066.0,19.0,Yes,5
acdd,99.08872901678657,0.9112709832134293,2066.0,19.0,Yes,5
ace1183,99.08872901678657,0.9112709832134293,2066.0,19.0,Yes,5
ace22,99.00568181818183,0.9943181818181818,2091.0,21.0,Yes,5
ace24,99.50993495500312,0.4900650449968814,11168.0,55.0,Yes,5
acegamer,92.81767955801105,7.18232044198895,168.0,13.0,Yes,5
acehardware,99.13127413127413,0.8687258687258688,2054.0,18.0,Yes,5
acehi369ja,95.42483660130719,4.57516339869281,438.0,21.0,Yes,5
acellacey,99.08872901678657,0.9112709832134293,2066.0,19.0,Yes,5
acelyn,99.08872901678657,0.9112709832134293,2066.0,19.0,Yes,5
acer,97.17514124293785,2.824858757062147,344.0,10.0,Yes,5
acetolman,92.81767955801105,7.18232044198895,168.0,13.0,Yes,5
acf11154,99.506331830865,0.49366816913500755,9272.0,46.0,Yes,5
acg1,99.68350720900247,0.31649279099753835,8504.0,27.0,No,5
achef,98.88320148906467,1.116798510935319,2125.0,24.0,Yes,5
achick,99.08872901678657,0.9112709832134293,2066.0,19.0,Yes,5
achkosh,99.4057810454225,0.5942189545775003,9870.0,59.0,Yes,5
acidchipmunk,96.07329842931938,3.926701570680628,367.0,15.0,Yes,5
acinom,95.63106796116504,4.368932038834951,591.0,27.0,Yes,5
acjuarez08,99.4057810454225,0.5942189545775003,9870.0,59.0,No,5
aclass,98.36065573770492,1.639344262295082,240.0,4.0,Yes,5
acmillion,97.01253667644704,2.9874633235529475,3637.0,112.0,Yes,5
acmv,92.81767955801105,7.18232044198895,168.0,13.0,Yes,5
acornnancy,96.07329842931938,3.926701570680628,367.0,15.0,Yes,5
acr2015,97.17514124293785,2.824858757062147,344.0,10.0,Yes,5
acs614,97.01253667644704,2.9874633235529475,3637.0,112.0,Yes,5
acsnv159,99.08872901678657,0.9112709832134293,2066.0,19.0,Yes,5
action,92.81767955801105,7.18232044198895,168.0,13.0,Yes,5
actionaction,90.0,10.0,126.0,14.0,Yes,5
actionaddict,95.42483660130719,4.57516339869281,438.0,21.0,Yes,5
actiond,92.81767955801105,7.18232044198895,168.0,13.0,Yes,5
actionjem,83.33333333333334,16.666666666666664,25.0,5.0,Yes,5
actortj,98.88320148906467,1.116798510935319,2125.0,24.0,Yes,5
acts1123,99.08872901678657,0.9112709832134293,2066.0,19.0,Yes,5
acv4217,93.42105263157895,6.578947368421052,71.0,5.0,Yes,5
adalie98,99.08872901678657,0.9112709832134293,2066.0,19.0,Yes,5
adam,91.8918918918919,8.108108108108109,68.0,6.0,Yes,5
adam1977,99.61207304380736,0.38792695619263884,10528.0,41.0,Yes,5
adam9976,99.62586227054835,0.37413772945165436,8521.0,32.0,Yes,5
adamofh,97.01253667644704,2.9874633235529475,3637.0,112.0,Yes,5
adams31,92.81767955801105,7.18232044198895,168.0,13.0,Yes,5
adan,94.02985074626866,5.970149253731343,63.0,4.0,Yes,5
adanas,98.88320148906467,1.116798510935319,2125.0,24.0,Yes,5
adapters,95.42483660130719,4.57516339869281,438.0,21.0,Yes,5
adash75,99.08872901678657,0.9112709832134293,2066.0,19.0,Yes,5
adavis,99.08872901678657,0.9112709832134293,2066.0,19.0,Yes,5
adawg,99.00568181818183,0.9943181818181818,2091.0,21.0,Yes,5
adballgator,98.36065573770492,1.639344262295082,240.0,4.0,Yes,5
adcaex5,99.08872901678657,0.9112709832134293,2066.0,19.0,Yes,5
addie,99.58213390286936,0.4178660971306528,10724.0,45.0,Yes,5
addmotherhood25,99.08872901678657,0.9112709832134293,2066.0,19.0,Yes,5
addto the 2nd degree,99.03719912472647,0.9628008752735231,2263.0,22.0,Yes,5
adeleforlife,92.81767955801105,7.18232044198895,168.0,13.0,Yes,5
adelynsmom,91.0344827586207,8.96551724137931,264.0,26.0,Yes,5
adina,96.07329842931938,3.926701570680628,367.0,15.0,Yes,5
adizzione,96.97542533081285,3.0245746691871456,1026.0,32.0,Yes,5
adma2,99.506331830865,0.49366816913500755,9272.0,46.0,Yes,5
adman,92.81767955801105,7.18232044198895,168.0,13.0,Yes,5
admbat,92.81767955801105,7.18232044198895,168.0,13.0,Yes,5
admin girl,99.03719912472647,0.9628008752735231,2263.0,22.0,Yes,5
admin in williamsburg,99.03719912472647,0.9628008752735231,2263.0,22.0,Yes,5
admin164,99.506331830865,0.49366816913500755,9272.0,46.0,Yes,5
adminpro,99.506331830865,0.49366816913500755,9272.0,46.0,Yes,5
admiralake,99.62586227054835,0.37413772945165436,8521.0,32.0,Yes,5
admirer28,99.60384833050368,0.39615166949632147,10560.0,42.0,Yes,5
adonis,99.00568181818183,0.9943181818181818,2091.0,21.0,Yes,5
adr1ana,99.08872901678657,0.9112709832134293,2066.0,19.0,Yes,5
adr2,99.08872901678657,0.9112709832134293,2066.0,19.0,Yes,5
adrialc,99.08872901678657,0.9112709832134293,2066.0,19.0,Yes,5
adrian17,99.08872901678657,0.9112709832134293,2066.0,19.0,Yes,5
adriana,94.62809917355372,5.371900826446281,229.0,13.0,Yes,5
adriana9999,91.0344827586207,8.96551724137931,264.0,26.0,Yes,5
adrianna,99.09154437456324,0.9084556254367574,1418.0,13.0,Yes,5
adrunkinidiot,97.17514124293785,2.824858757062147,344.0,10.0,Yes,5
adub,99.08872901678657,0.9112709832134293,2066.0,19.0,Yes,5
adub0222,83.33333333333334,16.666666666666664,25.0,5.0,Yes,5
aduffy,96.07329842931938,3.926701570680628,367.0,15.0,Yes,5
adventurer,95.29411764705881,4.705882352941177,162.0,8.0,Yes,5
advichiel,99.67197750702906,0.32802249297094654,8508.0,28.0,Yes,5
advocate,99.60384833050368,0.39615166949632147,10560.0,42.0,Yes,5
adw123,99.08872901678657,0.9112709832134293,2066.0,19.0,Yes,5
adyg,98.96142433234422,1.0385756676557862,2668.0,28.0,Yes,5
adynsmom,99.08872901678657,0.9112709832134293,2066.0,19.0,Yes,5
aebagz,98.36065573770492,1.639344262295082,240.0,4.0,Yes,5
aebw volunteer,99.03719912472647,0.9628008752735231,2263.0,22.0,Yes,5
aechking,97.6608187134503,2.3391812865497075,1002.0,24.0,Yes,5
aeh1021,99.08872901678657,0.9112709832134293,2066.0,19.0,Yes,5
aei2001,92.81767955801105,7.18232044198895,168.0,13.0,Yes,5
ael26,96.38009049773756,3.619909502262444,213.0,8.0,Yes,5
aelw,99.08872901678657,0.9112709832134293,2066.0,19.0,Yes,5
aep1010,91.0344827586207,8.96551724137931,264.0,26.0,Yes,5
aet39641,99.08872901678657,0.9112709832134293,2066.0,19.0,Yes,5
afair77,99.08872901678657,0.9112709832134293,2066.0,19.0,Yes,5
afhaffner,99.08872901678657,0.9112709832134293,2066.0,19.0,Yes,5
afilii,99.08872901678657,0.9112709832134293,2066.0,19.0,Yes,5
afm7,99.08872901678657,0.9112709832134293,2066.0,19.0,Yes,5
afooey,99.08872901678657,0.9112709832134293,2066.0,19.0,Yes,5
afrk,99.60384833050368,0.39615166949632147,10560.0,42.0,Yes,5
afwifey2003,99.08872901678657,0.9112709832134293,2066.0,19.0,Yes,5
ag1987,99.08872901678657,0.9112709832134293,2066.0,19.0,Yes,5
agambrel2118,99.08872901678657,0.9112709832134293,2066.0,19.0,Yes,5
agamu16,92.81767955801105,7.18232044198895,168.0,13.0,Yes,5
agard617,99.08872901678657,0.9112709832134293,2066.0,19.0,Yes,5
agathag,99.60268659540252,0.39731340459748365,10529.0,42.0,Yes,5
age7,92.81767955801105,7.18232044198895,168.0,13.0,Yes,5
ageless,99.13127413127413,0.8687258687258688,2054.0,18.0,Yes,5
agent 00soul,99.03719912472647,0.9628008752735231,2263.0,22.0,Yes,5
agent4678,83.33333333333334,16.666666666666664,25.0,5.0,Yes,5
agent797,92.81767955801105,7.18232044198895,168.0,13.0,Yes,5
agente,99.52513966480447,0.4748603351955307,10689.0,51.0,Yes,5
agentnoy,98.88320148906467,1.116798510935319,2125.0,24.0,Yes,5
agentpaper,95.63106796116504,4.368932038834951,591.0,27.0,Yes,5
aggie16,97.01253667644704,2.9874633235529475,3637.0,112.0,Yes,5
aggie1965,99.4057810454225,0.5942189545775003,9870.0,59.0,Yes,5
aggielily05,99.08872901678657,0.9112709832134293,2066.0,19.0,Yes,5
agibby722,99.08872901678657,0.9112709832134293,2066.0,19.0,Yes,5
agmt,99.60384833050368,0.39615166949632147,10560.0,42.0,Yes,5
agopy19,99.57495692130959,0.4250430786904078,8668.0,37.0,Yes,5
agreenlee86,99.08872901678657,0.9112709832134293,2066.0,19.0,Yes,5
ah78,99.08872901678657,0.9112709832134293,2066.0,19.0,No,5
ah87,99.4057810454225,0.5942189545775003,9870.0,59.0,Yes,5
aharbin88,99.08872901678657,0.9112709832134293,2066.0,19.0,Yes,5
aharry1021,99.61552888222054,0.38447111777944487,10623.0,41.0,Yes,5
ahart04,99.506331830865,0.49366816913500755,9272.0,46.0,Yes,5
ahaschart,99.08872901678657,0.9112709832134293,2066.0,19.0,Yes,5
ahawk,99.08872901678657,0.9112709832134293,2066.0,19.0,Yes,5
aheadfullofdreams,99.4057810454225,0.5942189545775003,9870.0,59.0,Yes,5
ahelke,99.08872901678657,0.9112709832134293,2066.0,19.0,Yes,5
ahjohnson1983,99.08872901678657,0.9112709832134293,2066.0,19.0,Yes,5
ahmedsat,92.3076923076923,7.6923076923076925,12.0,1.0,Yes,5
ahoy,96.34146341463415,3.6585365853658534,158.0,6.0,Yes,5
aidensmama 88,83.33333333333334,16.666666666666664,25.0,5.0,Yes,5
aidnel646,99.08872901678657,0.9112709832134293,2066.0,19.0,Yes,5
aileen2,99.08872901678657,0.9112709832134293,2066.0,19.0,Yes,5
aim1,99.08872901678657,0.9112709832134293,2066.0,19.0,Yes,5
aimcoop,97.01253667644704,2.9874633235529475,3637.0,112.0,Yes,5
aimee,96.17834394904459,3.821656050955414,151.0,6.0,Yes,5
aira,99.08872901678657,0.9112709832134293,2066.0,19.0,Yes,5
airborne2,99.13127413127413,0.8687258687258688,2054.0,18.0,Yes,5
airborneannie,99.56041478809739,0.43958521190261496,8833.0,39.0,Yes,5
airforce65,99.68472676319476,0.31527323680523117,8537.0,27.0,Yes,5
airkingchris,92.81767955801105,7.18232044198895,168.0,13.0,Yes,5
airsteve,95.63106796116504,4.368932038834951,591.0,27.0,Yes,5
airwave15,92.81767955801105,7.18232044198895,168.0,13.0,Yes,5
aiscoupon,99.08872901678657,0.9112709832134293,2066.0,19.0,Yes,5
aisha,98.11557788944724,1.8844221105527637,781.0,15.0,Yes,5
aiyana84,99.08872901678657,0.9112709832134293,2066.0,19.0,Yes,5
aj,83.33333333333334,16.666666666666664,25.0,5.0,Yes,5
aj0324,95.42483660130719,4.57516339869281,438.0,21.0,Yes,5
aj1135,91.0344827586207,8.96551724137931,264.0,26.0,Yes,5
aj2012,99.08872901678657,0.9112709832134293,2066.0,19.0,Yes,5
aj345,96.07329842931938,3.926701570680628,367.0,15.0,Yes,5
aj792008,100.0,0.0,41.0,0.0,Yes,5
aj96,99.08872901678657,0.9112709832134293,2066.0,19.0,Yes,5
ajackson75,91.0344827586207,8.96551724137931,264.0,26.0,Yes,5
ajamico,95.42483660130719,4.57516339869281,438.0,21.0,Yes,5
ajandjen,99.09154437456324,0.9084556254367574,1418.0,13.0,Yes,5
ajay,92.81767955801105,7.18232044198895,168.0,13.0,Yes,5
ajay1,99.13127413127413,0.8687258687258688,2054.0,18.0,Yes,5
ajcrossover11,97.9002624671916,2.099737532808399,373.0,8.0,Yes,5
ajeff,91.0344827586207,8.96551724137931,264.0,26.0,Yes,5
ajf9597,99.08872901678657,0.9112709832134293,2066.0,19.0,Yes,5
ajface24,99.08872901678657,0.9112709832134293,2066.0,19.0,Yes,5
ajgreer1979,98.88320148906467,1.116798510935319,2125.0,24.0,Yes,5
ajh2298,92.81767955801105,7.18232044198895,168.0,13.0,Yes,5
ajhobb07,99.09154437456324,0.9084556254367574,1418.0,13.0,Yes,5
aji28,99.08872901678657,0.9112709832134293,2066.0,19.0,Yes,5
ajinak,99.506331830865,0.49366816913500755,9272.0,46.0,Yes,5
ajkw,99.08872901678657,0.9112709832134293,2066.0,19.0,Yes,5
ajmcoupons,99.08872901678657,0.9112709832134293,2066.0,19.0,Yes,5
ajmv9,99.08872901678657,0.9112709832134293,2066.0,19.0,Yes,5
ajoiwejsd,98.36065573770492,1.639344262295082,240.0,4.0,Yes,5
ajrespectcosby,95.42483660130719,4.57516339869281,438.0,21.0,Yes,5
ajskot,98.36065573770492,1.639344262295082,240.0,4.0,Yes,5
ajsmom,92.81767955801105,7.18232044198895,168.0,13.0,Yes,5
ajune,99.08872901678657,0.9112709832134293,2066.0,19.0,No,5
ajwoods24,99.08872901678657,0.9112709832134293,2066.0,19.0,Yes,5
ak04,99.08872901678657,0.9112709832134293,2066.0,19.0,Yes,5
akathb,100.0,0.0,41.0,0.0,Yes,5
akbluemeanie,92.81767955801105,7.18232044198895,168.0,13.0,Yes,5
akbrass,96.07329842931938,3.926701570680628,367.0,15.0,Yes,5
akcrazymom15,99.4057810454225,0.5942189545775003,9870.0,59.0,Yes,5
akeane1228,99.08872901678657,0.9112709832134293,2066.0,19.0,Yes,5
akesler19,99.08872901678657,0.9112709832134293,2066.0,19.0,Yes,5
aketch,99.67197750702906,0.32802249297094654,8508.0,28.0,Yes,5
akghwe,99.08872901678657,0.9112709832134293,2066.0,19.0,Yes,5
akhan,99.00568181818183,0.9943181818181818,2091.0,21.0,Yes,5
akimh,99.08872901678657,0.9112709832134293,2066.0,19.0,Yes,5
akimom,99.08872901678657,0.9112709832134293,2066.0,19.0,Yes,5
akinje,92.81767955801105,7.18232044198895,168.0,13.0,Yes,5
akintola10,99.08872901678657,0.9112709832134293,2066.0,19.0,Yes,5
akipanda,92.81767955801105,7.18232044198895,168.0,13.0,Yes,5
akirsch,98.88320148906467,1.116798510935319,2125.0,24.0,Yes,5
akjones,99.4057810454225,0.5942189545775003,9870.0,59.0,Yes,5
akmarine86,92.81767955801105,7.18232044198895,168.0,13.0,Yes,5
akmom,99.60384833050368,0.39615166949632147,10560.0,42.0,Yes,5
aknbak35,92.81767955801105,7.18232044198895,168.0,13.0,Yes,5
akoenke,99.08872901678657,0.9112709832134293,2066.0,19.0,Yes,5
akoontza,99.08872901678657,0.9112709832134293,2066.0,19.0,Yes,5
akpaz81885,99.08872901678657,0.9112709832134293,2066.0,19.0,Yes,5
akporter84,99.4057810454225,0.5942189545775003,9870.0,59.0,Yes,5
aktar,98.88320148906467,1.116798510935319,2125.0,24.0,Yes,5
aktcharlotte,92.81767955801105,7.18232044198895,168.0,13.0,Yes,5
al,83.33333333333334,16.666666666666664,25.0,5.0,Yes,5
al0000,99.09154437456324,0.9084556254367574,1418.0,13.0,Yes,5
al09,98.36065573770492,1.639344262295082,240.0,4.0,Yes,5
al31,99.08872901678657,0.9112709832134293,2066.0,19.0,Yes,5
al33,99.60384833050368,0.39615166949632147,10560.0,42.0,Yes,5
al5435,99.13127413127413,0.8687258687258688,2054.0,18.0,Yes,5
al60,99.13127413127413,0.8687258687258688,2054.0,18.0,Yes,5
alaarie,99.4057810454225,0.5942189545775003,9870.0,59.0,Yes,5
alamo99,98.88320148906467,1.116798510935319,2125.0,24.0,Yes,5
alanlee,92.81767955801105,7.18232044198895,168.0,13.0,Yes,5
alansmithee,92.81767955801105,7.18232044198895,168.0,13.0,Yes,5
alapi,98.22109275730622,1.7789072426937738,2319.0,42.0,Yes,5
alarm,92.81767955801105,7.18232044198895,168.0,13.0,Yes,5
alaska,92.81767955801105,7.18232044198895,168.0,13.0,Yes,5
alatariel,95.42483660130719,4.57516339869281,438.0,21.0,Yes,5
alawhorn,99.4057810454225,0.5942189545775003,9870.0,59.0,Yes,5
albert523,98.88320148906467,1.116798510935319,2125.0,24.0,Yes,5
albertacanada,94.1747572815534,5.825242718446602,97.0,6.0,Yes,5
alboal,92.81767955801105,7.18232044198895,168.0,13.0,Yes,5
alcade429,99.4057810454225,0.5942189545775003,9870.0,59.0,Yes,5
alcatraz,99.00568181818183,0.9943181818181818,2091.0,21.0,Yes,5
alcold,92.81767955801105,7.18232044198895,168.0,13.0,Yes,5
aldone,83.33333333333334,16.666666666666664,25.0,5.0,Yes,5
aleavitt,97.17514124293785,2.824858757062147,344.0,10.0,Yes,5
aleek,92.81767955801105,7.18232044198895,168.0,13.0,Yes,5
alehman29,98.88320148906467,1.116798510935319,2125.0,24.0,Yes,5
alena125,97.9002624671916,2.099737532808399,373.0,8.0,Yes,5
alester,99.08872901678657,0.9112709832134293,2066.0,19.0,Yes,5
alex,92.25352112676056,7.746478873239436,131.0,11.0,Yes,5
alex1988,99.08872901678657,0.9112709832134293,2066.0,19.0,Yes,5
alex5514,99.08872901678657,0.9112709832134293,2066.0,19.0,Yes,5
alex63,99.13127413127413,0.8687258687258688,2054.0,18.0,Yes,5
alex777,97.17514124293785,2.824858757062147,344.0,10.0,Yes,5
alexa05,92.3076923076923,7.6923076923076925,12.0,1.0,Yes,5
alexa86,91.0344827586207,8.96551724137931,264.0,26.0,Yes,5
alexaa33,99.08872901678657,0.9112709832134293,2066.0,19.0,Yes,5
alexander,99.68350720900247,0.31649279099753835,8504.0,27.0,Yes,5
alexandrianana,98.36065573770492,1.639344262295082,240.0,4.0,Yes,5
alexasmom,96.07329842931938,3.926701570680628,367.0,15.0,Yes,5
alexdawn,99.08872901678657,0.9112709832134293,2066.0,19.0,Yes,5
alexinthewilderness,97.01253667644704,2.9874633235529475,3637.0,112.0,Yes,5
alexis,99.0608228980322,0.9391771019677997,2215.0,21.0,No,5
alexis30,99.08872901678657,0.9112709832134293,2066.0,19.0,Yes,5
alexiss,99.00568181818183,0.9943181818181818,2091.0,21.0,Yes,5
alexkatski,97.17514124293785,2.824858757062147,344.0,10.0,Yes,5
alexpr,99.14493373236427,0.8550662676357419,2319.0,20.0,Yes,5
alexus,100.0,0.0,43.0,0.0,Yes,5
alexusmadiison,84.0,16.0,21.0,4.0,Yes,5
aleyzz,99.08872901678657,0.9112709832134293,2066.0,19.0,Yes,5
alfi,95.63106796116504,4.368932038834951,591.0,27.0,Yes,5
alfredenewman,92.81767955801105,7.18232044198895,168.0,13.0,Yes,5
algirl,91.97860962566845,8.02139037433155,172.0,15.0,Yes,5
alh1,99.08872901678657,0.9112709832134293,2066.0,19.0,Yes,5
ali6589,99.08872901678657,0.9112709832134293,2066.0,19.0,Yes,5
ali90,95.29411764705881,4.705882352941177,162.0,8.0,Yes,5
alias1701,83.33333333333334,16.666666666666664,25.0,5.0,Yes,5
alibm,99.08872901678657,0.9112709832134293,2066.0,19.0,Yes,5
alice,98.83066262451278,1.1693373754872238,2282.0,27.0,Yes,5
alice13,99.08872901678657,0.9112709832134293,2066.0,19.0,Yes,5
alice1949,99.58213390286936,0.4178660971306528,10724.0,45.0,Yes,5
alice8,99.08872901678657,0.9112709832134293,2066.0,19.0,Yes,5
alicecrowo,92.81767955801105,7.18232044198895,168.0,13.0,Yes,5
alieana008,99.4057810454225,0.5942189545775003,9870.0,59.0,Yes,5
alihal,97.01253667644704,2.9874633235529475,3637.0,112.0,Yes,5
alil7885,99.57495692130959,0.4250430786904078,8668.0,37.0,Yes,5
aliray15,99.4057810454225,0.5942189545775003,9870.0,59.0,Yes,5
alisa83,99.08872901678657,0.9112709832134293,2066.0,19.0,Yes,5
alisonden,99.08872901678657,0.9112709832134293,2066.0,19.0,Yes,5
alisonl,99.50993495500312,0.4900650449968814,11168.0,55.0,Yes,5
alissa846,99.50993495500312,0.4900650449968814,11168.0,55.0,Yes,5
alit,84.0,16.0,21.0,4.0,Yes,5
alix p,99.60268659540252,0.39731340459748365,10529.0,42.0,Yes,5
alixine,83.33333333333334,16.666666666666664,25.0,5.0,Yes,5
alkevkas,99.00568181818183,0.9943181818181818,2091.0,21.0,Yes,5
all the way from iceland,100.0,0.0,43.0,0.0,Yes,5
all4myhandbags,99.09154437456324,0.9084556254367574,1418.0,13.0,Yes,5
all4savings,99.03719912472647,0.9628008752735231,2263.0,22.0,Yes,5
allaboutsoap,99.67197750702906,0.32802249297094654,8508.0,28.0,Yes,5
allan,99.00568181818183,0.9943181818181818,2091.0,21.0,Yes,5
allan19c,92.81767955801105,7.18232044198895,168.0,13.0,Yes,5
allan38,98.22109275730622,1.7789072426937738,2319.0,42.0,Yes,5
allan6048,95.97523219814241,4.024767801857585,310.0,13.0,Yes,5
allbadvol,92.81767955801105,7.18232044198895,168.0,13.0,Yes,5
alldayallnight,92.81767955801105,7.18232044198895,168.0,13.0,Yes,5
allen,99.00568181818183,0.9943181818181818,2091.0,21.0,Yes,5
allen0674,99.08872901678657,0.9112709832134293,2066.0,19.0,Yes,5
allevan,99.50993495500312,0.4900650449968814,11168.0,55.0,Yes,5
allf,99.14493373236427,0.8550662676357419,2319.0,20.0,Yes,5
alli0109,99.08872901678657,0.9112709832134293,2066.0,19.0,Yes,5
alli16,99.4057810454225,0.5942189545775003,9870.0,59.0,Yes,5
alli4321,99.08872901678657,0.9112709832134293,2066.0,19.0,Yes,5
allie123,99.60268659540252,0.39731340459748365,10529.0,42.0,Yes,5
allie32,99.08872901678657,0.9112709832134293,2066.0,19.0,Yes,5
allie37,99.60384833050368,0.39615166949632147,10560.0,42.0,Yes,5
allie623,99.4057810454225,0.5942189545775003,9870.0,59.0,Yes,5
allie86,99.08872901678657,0.9112709832134293,2066.0,19.0,Yes,5
allieforest,99.68472676319476,0.31527323680523117,8537.0,27.0,Yes,5
alligator5,92.81767955801105,7.18232044198895,168.0,13.0,Yes,5
allikatt,99.60384833050368,0.39615166949632147,10560.0,42.0,Yes,5
alline,98.88320148906467,1.116798510935319,2125.0,24.0,Yes,5
allison33,99.08872901678657,0.9112709832134293,2066.0,19.0,No,5
allisoninboston,92.81767955801105,7.18232044198895,168.0,13.0,Yes,5
allisonr,99.08872901678657,0.9112709832134293,2066.0,19.0,Yes,5
allme,99.00568181818183,0.9943181818181818,2091.0,21.0,Yes,5
allmysonsmom,98.49462365591398,1.5053763440860215,2290.0,35.0,Yes,5
allthumbs,92.81767955801105,7.18232044198895,168.0,13.0,Yes,5
alltradeservices,95.42483660130719,4.57516339869281,438.0,21.0,Yes,5
allworld,92.81767955801105,7.18232044198895,168.0,13.0,Yes,5
ally,99.41063130454494,0.5893686954550607,8771.0,52.0,No,5
ally1989,99.08872901678657,0.9112709832134293,2066.0,19.0,Yes,5
allycat,99.60384833050368,0.39615166949632147,10560.0,42.0,Yes,5
allyg,99.08872901678657,0.9112709832134293,2066.0,19.0,Yes,5
allyj1984,99.4057810454225,0.5942189545775003,9870.0,59.0,Yes,5
allymolaley,99.67197750702906,0.32802249297094654,8508.0,28.0,Yes,5
allyoueat,92.81767955801105,7.18232044198895,168.0,13.0,Yes,5
allyv7,99.08872901678657,0.9112709832134293,2066.0,19.0,Yes,5
alm27,97.9002624671916,2.099737532808399,373.0,8.0,Yes,5
alma,97.79005524861878,2.209944751381215,177.0,4.0,Yes,5
alma82,99.08872901678657,0.9112709832134293,2066.0,19.0,Yes,5
almag21,99.08872901678657,0.9112709832134293,2066.0,19.0,Yes,5
almita84,99.08872901678657,0.9112709832134293,2066.0,19.0,Yes,5
alo1991,99.08872901678657,0.9112709832134293,2066.0,19.0,Yes,5
aloha4u,98.36065573770492,1.639344262295082,240.0,4.0,Yes,5
alohaguy,97.01253667644704,2.9874633235529475,3637.0,112.0,Yes,5
alohalk,99.08872901678657,0.9112709832134293,2066.0,19.0,Yes,5
aloras,99.08872901678657,0.9112709832134293,2066.0,19.0,Yes,5
alotaboutlivin,98.49462365591398,1.5053763440860215,2290.0,35.0,Yes,5
alowai,96.07329842931938,3.926701570680628,367.0,15.0,Yes,5
alpaben,92.3076923076923,7.6923076923076925,12.0,1.0,Yes,5
alpat,95.42483660130719,4.57516339869281,438.0,21.0,Yes,5
alphahogger,92.81767955801105,7.18232044198895,168.0,13.0,Yes,5
alphajake,99.00568181818183,0.9943181818181818,2091.0,21.0,Yes,5
alphamusk,92.81767955801105,7.18232044198895,168.0,13.0,Yes,5
alpinoy,92.81767955801105,7.18232044198895,168.0,13.0,Yes,5
alrack,98.96142433234422,1.0385756676557862,2668.0,28.0,Yes,5
alredhouse,99.08872901678657,0.9112709832134293,2066.0,19.0,Yes,5
alryan,99.4057810454225,0.5942189545775003,9870.0,59.0,Yes,5
als2886,99.08872901678657,0.9112709832134293,2066.0,19.0,Yes,5
alta,99.50993495500312,0.4900650449968814,11168.0,55.0,Yes,5
altalu,98.96142433234422,1.0385756676557862,2668.0,28.0,Yes,5
alternateshark6,92.81767955801105,7.18232044198895,168.0,13.0,Yes,5
aluns,99.08872901678657,0.9112709832134293,2066.0,19.0,Yes,5
alvin,99.50993495500312,0.4900650449968814,11168.0,55.0,Yes,5
alvinsprincess,99.4057810454225,0.5942189545775003,9870.0,59.0,Yes,5
alwout,99.00568181818183,0.9943181818181818,2091.0,21.0,Yes,5
aly16,96.38009049773756,3.619909502262444,213.0,8.0,Yes,5
alyang,99.00568181818183,0.9943181818181818,2091.0,21.0,Yes,5
alyce,99.08872901678657,0.9112709832134293,2066.0,19.0,Yes,5
alyea2014,99.08872901678657,0.9112709832134293,2066.0,19.0,Yes,5
alyek,99.08872901678657,0.9112709832134293,2066.0,19.0,Yes,5
alymom,99.08872901678657,0.9112709832134293,2066.0,19.0,Yes,5
alyssa,84.0,16.0,21.0,4.0,Yes,5
alyssa10199,99.08872901678657,0.9112709832134293,2066.0,19.0,Yes,5
am,99.52513966480447,0.4748603351955307,10689.0,51.0,Yes,5
am1228,99.08872901678657,0.9112709832134293,2066.0,19.0,Yes,5
am2lady,99.08872901678657,0.9112709832134293,2066.0,19.0,Yes,5
amac,99.08872901678657,0.9112709832134293,2066.0,19.0,Yes,5
amanda,98.48101265822785,1.5189873417721518,2334.0,36.0,Yes,5
amanda01,99.4057810454225,0.5942189545775003,9870.0,59.0,Yes,5
amanda1217,98.5207100591716,1.4792899408284024,2331.0,35.0,Yes,5
amanda123456,99.08872901678657,0.9112709832134293,2066.0,19.0,Yes,5
amanda13,91.0344827586207,8.96551724137931,264.0,26.0,Yes,5
amanda25,99.60384833050368,0.39615166949632147,10560.0,42.0,Yes,5
amanda4455,99.08872901678657,0.9112709832134293,2066.0,19.0,Yes,5
amanda49955455445,99.08872901678657,0.9112709832134293,2066.0,19.0,Yes,5
amanda50,99.08872901678657,0.9112709832134293,2066.0,19.0,Yes,5
amanda78,99.08872901678657,0.9112709832134293,2066.0,19.0,Yes,5
amandaanne05,99.08872901678657,0.9112709832134293,2066.0,19.0,Yes,5
amandaf0711,99.08872901678657,0.9112709832134293,2066.0,19.0,Yes,5
amandahwynn,99.67197750702906,0.32802249297094654,8508.0,28.0,Yes,5
amandajean16,99.08872901678657,0.9112709832134293,2066.0,19.0,Yes,5
amandalynn,99.4057810454225,0.5942189545775003,9870.0,59.0,Yes,5
amandam03,99.08872901678657,0.9112709832134293,2066.0,19.0,Yes,5
amandamueller,99.60268659540252,0.39731340459748365,10529.0,42.0,Yes,5
amandarose,99.08872901678657,0.9112709832134293,2066.0,19.0,No,5
amar,99.56041478809739,0.43958521190261496,8833.0,39.0,Yes,5
amarella,99.08872901678657,0.9112709832134293,2066.0,19.0,Yes,5
amarie,92.81767955801105,7.18232044198895,168.0,13.0,Yes,5
amart6,92.81767955801105,7.18232044198895,168.0,13.0,Yes,5
amash1971,99.08872901678657,0.9112709832134293,2066.0,19.0,Yes,5
amat,99.08872901678657,0.9112709832134293,2066.0,19.0,Yes,5
amaturegamer,97.01253667644704,2.9874633235529475,3637.0,112.0,Yes,5
amaze,99.60384833050368,0.39615166949632147,10560.0,42.0,Yes,5
amazing,97.67441860465115,2.3255813953488373,42.0,1.0,Yes,5
amazingalee,92.81767955801105,7.18232044198895,168.0,13.0,Yes,5
amazingami,99.4057810454225,0.5942189545775003,9870.0,59.0,Yes,5
amazingcleaningstar,99.08872901678657,0.9112709832134293,2066.0,19.0,Yes,5
amazingg,99.4057810454225,0.5942189545775003,9870.0,59.0,Yes,5
amazon buyer,83.33333333333334,16.666666666666664,25.0,5.0,Yes,5
amazon customer,83.33333333333334,16.666666666666664,25.0,5.0,Yes,5
amazonaddict,99.00568181818183,0.9943181818181818,2091.0,21.0,Yes,5
ambe,99.08872901678657,0.9112709832134293,2066.0,19.0,Yes,5
ambell005,99.08872901678657,0.9112709832134293,2066.0,19.0,Yes,5
amber,98.36065573770492,1.639344262295082,240.0,4.0,Yes,5
amber0405,99.08872901678657,0.9112709832134293,2066.0,19.0,Yes,5
amber0528,97.9002624671916,2.099737532808399,373.0,8.0,Yes,5
amber31,99.08872901678657,0.9112709832134293,2066.0,19.0,Yes,5
amber79,99.08872901678657,0.9112709832134293,2066.0,19.0,Yes,5
amberander,99.08872901678657,0.9112709832134293,2066.0,19.0,Yes,5
amberd14,99.63734206832008,0.3626579316799251,8517.0,31.0,Yes,5
amberinco,99.08872901678657,0.9112709832134293,2066.0,19.0,Yes,5
amberlea,99.08872901678657,0.9112709832134293,2066.0,19.0,Yes,5
amberriggs419,99.08872901678657,0.9112709832134293,2066.0,19.0,Yes,5
amberw,96.07329842931938,3.926701570680628,367.0,15.0,Yes,5
ambler,98.22109275730622,1.7789072426937738,2319.0,42.0,Yes,5
ambr1207,99.08872901678657,0.9112709832134293,2066.0,19.0,Yes,5
amburley3,99.60268659540252,0.39731340459748365,10529.0,42.0,Yes,5
ambw2000,99.08872901678657,0.9112709832134293,2066.0,19.0,Yes,5
amby,83.33333333333334,16.666666666666664,25.0,5.0,Yes,5
ambybambi0725,83.33333333333334,16.666666666666664,25.0,5.0,Yes,5
amcdonald,92.81767955801105,7.18232044198895,168.0,13.0,Yes,5
amcomber,99.08872901678657,0.9112709832134293,2066.0,19.0,No,5
ameliaj,99.08872901678657,0.9112709832134293,2066.0,19.0,Yes,5
amerbamer,99.08872901678657,0.9112709832134293,2066.0,19.0,Yes,5
americanpatrick,95.63106796116504,4.368932038834951,591.0,27.0,Yes,5
americo,97.01253667644704,2.9874633235529475,3637.0,112.0,Yes,5
amethystfairy,99.08872901678657,0.9112709832134293,2066.0,19.0,Yes,5
amgnu1,96.07329842931938,3.926701570680628,367.0,15.0,Yes,5
amgo2,99.08872901678657,0.9112709832134293,2066.0,19.0,Yes,5
ami35,99.08872901678657,0.9112709832134293,2066.0,19.0,Yes,5
ami5,99.50993495500312,0.4900650449968814,11168.0,55.0,Yes,5
amie,97.17514124293785,2.824858757062147,344.0,10.0,Yes,5
amih,99.14493373236427,0.8550662676357419,2319.0,20.0,Yes,5
amikol01,99.08872901678657,0.9112709832134293,2066.0,19.0,Yes,5
amishmom,98.22109275730622,1.7789072426937738,2319.0,42.0,Yes,5
amitrohatgi,97.17514124293785,2.824858757062147,344.0,10.0,Yes,5
amksupersaver,99.08872901678657,0.9112709832134293,2066.0,19.0,Yes,5
amlj1975,84.0,16.0,21.0,4.0,Yes,5
amlyke,91.0344827586207,8.96551724137931,264.0,26.0,Yes,5
ammcam,99.08872901678657,0.9112709832134293,2066.0,19.0,No,5
ammi,95.63318777292577,4.366812227074235,438.0,20.0,Yes,5
amn299,99.08872901678657,0.9112709832134293,2066.0,19.0,Yes,5
amomma,91.97860962566845,8.02139037433155,172.0,15.0,Yes,5
amor,91.0344827586207,8.96551724137931,264.0,26.0,Yes,5
amp9211,98.88320148906467,1.116798510935319,2125.0,24.0,Yes,5
amr,99.50993495500312,0.4900650449968814,11168.0,55.0,Yes,5
amsmes26,91.0344827586207,8.96551724137931,264.0,26.0,Yes,5
amunra76485,92.81767955801105,7.18232044198895,168.0,13.0,Yes,5
amuro,97.01253667644704,2.9874633235529475,3637.0,112.0,Yes,5
amw5555,99.08872901678657,0.9112709832134293,2066.0,19.0,Yes,5
amx1,99.00568181818183,0.9943181818181818,2091.0,21.0,Yes,5
amy00381,91.0344827586207,8.96551724137931,264.0,26.0,Yes,5
amy0916,99.63734206832008,0.3626579316799251,8517.0,31.0,Yes,5
amy1,94.97206703910615,5.027932960893855,170.0,9.0,Yes,5
amy1234,99.08872901678657,0.9112709832134293,2066.0,19.0,Yes,5
amy15,99.68350720900247,0.31649279099753835,8504.0,27.0,Yes,5
amy1775,99.08872901678657,0.9112709832134293,2066.0,19.0,Yes,5
amy19788,99.08872901678657,0.9112709832134293,2066.0,19.0,Yes,5
amy1980,99.08872901678657,0.9112709832134293,2066.0,19.0,Yes,5
amy32,99.08872901678657,0.9112709832134293,2066.0,19.0,Yes,5
amy75,91.0344827586207,8.96551724137931,264.0,26.0,Yes,5
amy77,99.08872901678657,0.9112709832134293,2066.0,19.0,Yes,5
amy81,99.08872901678657,0.9112709832134293,2066.0,19.0,Yes,5
amyamy,99.08872901678657,0.9112709832134293,2066.0,19.0,Yes,5
amyb60,99.08872901678657,0.9112709832134293,2066.0,19.0,Yes,5
amyd23,99.08872901678657,0.9112709832134293,2066.0,19.0,Yes,5
amyeba,99.08872901678657,0.9112709832134293,2066.0,19.0,Yes,5
amyeliz,96.07329842931938,3.926701570680628,367.0,15.0,Yes,5
amyh,96.97542533081285,3.0245746691871456,1026.0,32.0,Yes,5
amyhoward417,99.08872901678657,0.9112709832134293,2066.0,19.0,Yes,5
amyindurham,96.07329842931938,3.926701570680628,367.0,15.0,Yes,5
amyinsf,83.33333333333334,16.666666666666664,25.0,5.0,Yes,5
amykr,99.08872901678657,0.9112709832134293,2066.0,19.0,Yes,5
amyl,99.08872901678657,0.9112709832134293,2066.0,19.0,Yes,5
amylou,99.08872901678657,0.9112709832134293,2066.0,19.0,Yes,5
amym,99.08872901678657,0.9112709832134293,2066.0,19.0,Yes,5
amymarie,99.08872901678657,0.9112709832134293,2066.0,19.0,Yes,5
amyrie,98.88320148906467,1.116798510935319,2125.0,24.0,Yes,5
amyrn,99.50993495500312,0.4900650449968814,11168.0,55.0,Yes,5
amyro,99.08872901678657,0.9112709832134293,2066.0,19.0,Yes,5
amys,99.506331830865,0.49366816913500755,9272.0,46.0,Yes,5
amys1975,99.08872901678657,0.9112709832134293,2066.0,19.0,Yes,5
amysww,99.08872901678657,0.9112709832134293,2066.0,19.0,Yes,5
amyvt76,99.08872901678657,0.9112709832134293,2066.0,19.0,Yes,5
amyw,83.33333333333334,16.666666666666664,25.0,5.0,Yes,5
amyw333,99.08872901678657,0.9112709832134293,2066.0,19.0,No,5
amyx3duh,99.08872901678657,0.9112709832134293,2066.0,19.0,Yes,5
ana,99.506331830865,0.49366816913500755,9272.0,46.0,Yes,5
ana7777,100.0,0.0,43.0,0.0,Yes,5
anaa,92.81767955801105,7.18232044198895,168.0,13.0,Yes,5
anabanana2112,97.9002624671916,2.099737532808399,373.0,8.0,Yes,5
anabananas,99.08872901678657,0.9112709832134293,2066.0,19.0,Yes,5
anam2014,99.08872901678657,0.9112709832134293,2066.0,19.0,Yes,5
anamasry,99.50993495500312,0.4900650449968814,11168.0,55.0,Yes,5
anap,99.08872901678657,0.9112709832134293,2066.0,19.0,Yes,5
anas79,99.4057810454225,0.5942189545775003,9870.0,59.0,Yes,5
anatnas4,99.4057810454225,0.5942189545775003,9870.0,59.0,No,5
anaws10,99.4057810454225,0.5942189545775003,9870.0,59.0,Yes,5
ancatherman,99.4057810454225,0.5942189545775003,9870.0,59.0,Yes,5
andi,95.42483660130719,4.57516339869281,438.0,21.0,Yes,5
andi78,99.08872901678657,0.9112709832134293,2066.0,19.0,Yes,5
andie,98.78318584070797,1.2168141592920354,2679.0,33.0,Yes,5
andie413,99.08872901678657,0.9112709832134293,2066.0,19.0,Yes,5
andieg,100.0,0.0,41.0,0.0,Yes,5
andiejo,99.08872901678657,0.9112709832134293,2066.0,19.0,Yes,5
andim26,98.88320148906467,1.116798510935319,2125.0,24.0,Yes,5
andiz,97.17514124293785,2.824858757062147,344.0,10.0,Yes,5
andonopolus,99.13127413127413,0.8687258687258688,2054.0,18.0,Yes,5
andrea,97.15811965811966,2.841880341880342,4547.0,133.0,Yes,5
andrea0211,99.08872901678657,0.9112709832134293,2066.0,19.0,Yes,5
andreadm,97.79005524861878,2.209944751381215,177.0,4.0,Yes,5
andreag,99.08872901678657,0.9112709832134293,2066.0,19.0,Yes,5
andreagarr,99.08872901678657,0.9112709832134293,2066.0,19.0,Yes,5
andream82,99.08872901678657,0.9112709832134293,2066.0,19.0,Yes,5
andreamaxwell29,99.60384833050368,0.39615166949632147,10560.0,42.0,Yes,5
andreina1,99.08872901678657,0.9112709832134293,2066.0,19.0,Yes,5
andrelam,99.08872901678657,0.9112709832134293,2066.0,19.0,Yes,5
andrew,92.81767955801105,7.18232044198895,168.0,13.0,Yes,5
andrewcatcity1,97.01253667644704,2.9874633235529475,3637.0,112.0,Yes,5
andrewprovout,95.29411764705881,4.705882352941177,162.0,8.0,Yes,5
andy,99.14407988587732,0.8559201141226819,2085.0,18.0,Yes,5
andy11,99.4057810454225,0.5942189545775003,9870.0,59.0,Yes,5
andy35,99.08872901678657,0.9112709832134293,2066.0,19.0,Yes,5
andy44512,95.63106796116504,4.368932038834951,591.0,27.0,Yes,5
andy951,92.81767955801105,7.18232044198895,168.0,13.0,Yes,5
andyashleigh,99.08872901678657,0.9112709832134293,2066.0,19.0,Yes,5
andycampy,100.0,0.0,41.0,0.0,Yes,5
andyelloww,96.07329842931938,3.926701570680628,367.0,15.0,Yes,5
andynatlanta,92.81767955801105,7.18232044198895,168.0,13.0,Yes,5
andysams,99.13127413127413,0.8687258687258688,2054.0,18.0,Yes,5
andyudis,99.03719912472647,0.9628008752735231,2263.0,22.0,Yes,5
anekelly,99.08872901678657,0.9112709832134293,2066.0,19.0,Yes,5
anerdnamedjen,96.07329842931938,3.926701570680628,367.0,15.0,Yes,5
ang32,99.4057810454225,0.5942189545775003,9870.0,59.0,No,5
ang69,96.07329842931938,3.926701570680628,367.0,15.0,Yes,5
ang7ary,99.13127413127413,0.8687258687258688,2054.0,18.0,Yes,5
angb,99.08872901678657,0.9112709832134293,2066.0,19.0,Yes,5
angc,91.0344827586207,8.96551724137931,264.0,26.0,Yes,5
angcab,99.08872901678657,0.9112709832134293,2066.0,19.0,Yes,5
ange80,99.68350720900247,0.31649279099753835,8504.0,27.0,Yes,5
angebatt,97.01253667644704,2.9874633235529475,3637.0,112.0,Yes,5
angee39,99.08872901678657,0.9112709832134293,2066.0,19.0,Yes,5
angel,94.53551912568307,5.46448087431694,173.0,10.0,Yes,5
angel1,99.08872901678657,0.9112709832134293,2066.0,19.0,Yes,5
angel2222,99.08872901678657,0.9112709832134293,2066.0,19.0,Yes,5
angel61,99.08872901678657,0.9112709832134293,2066.0,19.0,Yes,5
angel65481,99.4057810454225,0.5942189545775003,9870.0,59.0,Yes,5
angel8791,99.08872901678657,0.9112709832134293,2066.0,19.0,Yes,5
angela,99.11996294580825,0.8800370541917555,2140.0,19.0,Yes,5
angela2000,99.4057810454225,0.5942189545775003,9870.0,59.0,Yes,5
angela4334,99.57495692130959,0.4250430786904078,8668.0,37.0,Yes,5
angela72,99.4057810454225,0.5942189545775003,9870.0,59.0,Yes,5
angela965,99.08872901678657,0.9112709832134293,2066.0,19.0,Yes,5
angeladfw,99.08872901678657,0.9112709832134293,2066.0,19.0,Yes,5
angelarsxs,99.08872901678657,0.9112709832134293,2066.0,19.0,Yes,5
angelbabee1965,99.08872901678657,0.9112709832134293,2066.0,19.0,Yes,5
angelbride06,98.88320148906467,1.116798510935319,2125.0,24.0,Yes,5
angele,99.08872901678657,0.9112709832134293,2066.0,19.0,Yes,5
angelgfromva,92.81767955801105,7.18232044198895,168.0,13.0,Yes,5
angeliar,99.08872901678657,0.9112709832134293,2066.0,19.0,Yes,5
angelinny4,96.07329842931938,3.926701570680628,367.0,15.0,Yes,5
angelinvt,99.08872901678657,0.9112709832134293,2066.0,19.0,Yes,5
angelle1031,83.33333333333334,16.666666666666664,25.0,5.0,Yes,5
angels,99.60384833050368,0.39615166949632147,10560.0,42.0,Yes,5
angels2ver,99.4057810454225,0.5942189545775003,9870.0,59.0,Yes,5
angelt,99.08872901678657,0.9112709832134293,2066.0,19.0,Yes,5
angeque,99.08872901678657,0.9112709832134293,2066.0,19.0,Yes,5
anghardy,99.08872901678657,0.9112709832134293,2066.0,19.0,Yes,5
angie,99.0552668871044,0.9447331128956069,2097.0,20.0,Yes,5
angie0104,99.08872901678657,0.9112709832134293,2066.0,19.0,Yes,5
angie1235,99.08872901678657,0.9112709832134293,2066.0,19.0,Yes,5
angie17,99.08872901678657,0.9112709832134293,2066.0,19.0,Yes,5
angie2,91.0344827586207,8.96551724137931,264.0,26.0,Yes,5
angie23,99.08872901678657,0.9112709832134293,2066.0,19.0,Yes,5
angie25,99.08872901678657,0.9112709832134293,2066.0,19.0,Yes,5
angie2cuties,99.08872901678657,0.9112709832134293,2066.0,19.0,Yes,5
angie447,99.50993495500312,0.4900650449968814,11168.0,55.0,Yes,5
angie4920,99.61552888222054,0.38447111777944487,10623.0,41.0,Yes,5
angieang,99.08872901678657,0.9112709832134293,2066.0,19.0,Yes,5
angieb82,99.08872901678657,0.9112709832134293,2066.0,19.0,Yes,5
angiebox,99.08872901678657,0.9112709832134293,2066.0,19.0,Yes,5
angiemll,99.08872901678657,0.9112709832134293,2066.0,19.0,Yes,5
angiesmessykids,99.08872901678657,0.9112709832134293,2066.0,19.0,No,5
angiesue,92.81767955801105,7.18232044198895,168.0,13.0,Yes,5
angjas,99.08872901678657,0.9112709832134293,2066.0,19.0,Yes,5
anglou45,98.36065573770492,1.639344262295082,240.0,4.0,Yes,5
angperez04,99.00568181818183,0.9943181818181818,2091.0,21.0,Yes,5
angrybird,96.36363636363636,3.6363636363636362,159.0,6.0,Yes,5
angryfist,98.49462365591398,1.5053763440860215,2290.0,35.0,Yes,5
angrytastebud,92.81767955801105,7.18232044198895,168.0,13.0,Yes,5
angusiii,98.88320148906467,1.116798510935319,2125.0,24.0,Yes,5
angy,95.29411764705881,4.705882352941177,162.0,8.0,Yes,5
angygirl80,92.81767955801105,7.18232044198895,168.0,13.0,Yes,5
animallover,98.88320148906467,1.116798510935319,2125.0,24.0,Yes,5
anita,98.7218045112782,1.2781954887218046,1313.0,17.0,Yes,5
anita25,99.4057810454225,0.5942189545775003,9870.0,59.0,Yes,5
anita62,99.4057810454225,0.5942189545775003,9870.0,59.0,Yes,5
anita69,98.88320148906467,1.116798510935319,2125.0,24.0,Yes,5
anitam,99.08872901678657,0.9112709832134293,2066.0,19.0,Yes,5
anjcksn2,96.07329842931938,3.926701570680628,367.0,15.0,Yes,5
anjil38,99.60384833050368,0.39615166949632147,10560.0,42.0,Yes,5
anjo1028,97.17514124293785,2.824858757062147,344.0,10.0,Yes,5
anjoviej,92.81767955801105,7.18232044198895,168.0,13.0,Yes,5
ank1018,99.08872901678657,0.9112709832134293,2066.0,19.0,Yes,5
anks,84.0,16.0,21.0,4.0,Yes,5
ann,99.506331830865,0.49366816913500755,9272.0,46.0,Yes,5
ann teacher,99.03719912472647,0.9628008752735231,2263.0,22.0,Yes,5
ann01,99.08872901678657,0.9112709832134293,2066.0,19.0,Yes,5
ann222,99.08872901678657,0.9112709832134293,2066.0,19.0,Yes,5
ann2350,99.60384833050368,0.39615166949632147,10560.0,42.0,Yes,5
ann26,99.08872901678657,0.9112709832134293,2066.0,19.0,Yes,5
ann48,99.08872901678657,0.9112709832134293,2066.0,19.0,Yes,5
ann55,99.08872901678657,0.9112709832134293,2066.0,19.0,Yes,5
anna,99.08872901678657,0.9112709832134293,2066.0,19.0,Yes,5
anna0087,99.08872901678657,0.9112709832134293,2066.0,19.0,Yes,5
anna1202,91.0344827586207,8.96551724137931,264.0,26.0,Yes,5
anna1234,92.81767955801105,7.18232044198895,168.0,13.0,Yes,5
anna435,99.08872901678657,0.9112709832134293,2066.0,19.0,Yes,5
anna73,97.01253667644704,2.9874633235529475,3637.0,112.0,Yes,5
annab,99.08872901678657,0.9112709832134293,2066.0,19.0,Yes,5
annabanana,99.08872901678657,0.9112709832134293,2066.0,19.0,Yes,5
annadoll,99.08872901678657,0.9112709832134293,2066.0,19.0,Yes,5
annadu,99.08872901678657,0.9112709832134293,2066.0,19.0,Yes,5
annah,99.08872901678657,0.9112709832134293,2066.0,19.0,Yes,5
annalisa,99.4057810454225,0.5942189545775003,9870.0,59.0,Yes,5
annalou75,99.08872901678657,0.9112709832134293,2066.0,19.0,Yes,5
annaoop531,99.506331830865,0.49366816913500755,9272.0,46.0,Yes,5
annapia,98.36065573770492,1.639344262295082,240.0,4.0,Yes,5
anne,99.18111753371869,0.8188824662813102,2059.0,17.0,Yes,5
anne1964,99.08872901678657,0.9112709832134293,2066.0,19.0,Yes,5
anne3,99.2686494392979,0.7313505607020965,2036.0,15.0,Yes,5
anne321,99.50993495500312,0.4900650449968814,11168.0,55.0,Yes,5
anneky,99.08872901678657,0.9112709832134293,2066.0,19.0,Yes,5
annette,98.96142433234422,1.0385756676557862,2668.0,28.0,Yes,5
annette03,99.08872901678657,0.9112709832134293,2066.0,19.0,Yes,5
annetxrn,96.07329842931938,3.926701570680628,367.0,15.0,Yes,5
annie,96.53465346534654,3.4653465346534658,390.0,14.0,Yes,5
annie poo,99.50993495500312,0.4900650449968814,11168.0,55.0,Yes,5
annie19,99.13127413127413,0.8687258687258688,2054.0,18.0,Yes,5
annie2001,99.08872901678657,0.9112709832134293,2066.0,19.0,Yes,5
annie54,96.07329842931938,3.926701570680628,367.0,15.0,Yes,5
annieb,97.17514124293785,2.824858757062147,344.0,10.0,Yes,5
anniej,97.17514124293785,2.824858757062147,344.0,10.0,Yes,5
anniej33,99.08872901678657,0.9112709832134293,2066.0,19.0,Yes,5
anniejane,96.07329842931938,3.926701570680628,367.0,15.0,Yes,5
annita,99.08872901678657,0.9112709832134293,2066.0,19.0,Yes,5
annoymous,96.97542533081285,3.0245746691871456,1026.0,32.0,Yes,5
annthompson12,99.08872901678657,0.9112709832134293,2066.0,19.0,Yes,5
annvan047,95.88235294117648,4.117647058823529,163.0,7.0,Yes,5
anon,84.0,16.0,21.0,4.0,Yes,5
anon123456,99.08872901678657,0.9112709832134293,2066.0,19.0,Yes,5
anonymous 1,96.97542533081285,3.0245746691871456,1026.0,32.0,Yes,5
anonymous20,96.97542533081285,3.0245746691871456,1026.0,32.0,Yes,5
anonymous32,99.4057810454225,0.5942189545775003,9870.0,59.0,Yes,5
anonymous79,99.4057810454225,0.5942189545775003,9870.0,59.0,Yes,5
anonymous8589,83.33333333333334,16.666666666666664,25.0,5.0,Yes,5
anonymous872514,99.08872901678657,0.9112709832134293,2066.0,19.0,Yes,5
anonymousgirl,96.07329842931938,3.926701570680628,367.0,15.0,Yes,5
another person,99.60268659540252,0.39731340459748365,10529.0,42.0,Yes,5
anthony,97.01253667644704,2.9874633235529475,3637.0,112.0,No,5
anthonyatl,99.13127413127413,0.8687258687258688,2054.0,18.0,Yes,5
anti,99.03719912472647,0.9628008752735231,2263.0,22.0,Yes,5
antiegem,96.07329842931938,3.926701570680628,367.0,15.0,Yes,5
antigny,97.17514124293785,2.824858757062147,344.0,10.0,Yes,5
antilebeast,99.00568181818183,0.9943181818181818,2091.0,21.0,Yes,5
antisoshl,99.14493373236427,0.8550662676357419,2319.0,20.0,Yes,5
antmama,83.33333333333334,16.666666666666664,25.0,5.0,Yes,5
antman,99.00568181818183,0.9943181818181818,2091.0,21.0,Yes,5
antone711,95.42483660130719,4.57516339869281,438.0,21.0,Yes,5
antonio,98.88320148906467,1.116798510935319,2125.0,24.0,Yes,5
anyab,99.08872901678657,0.9112709832134293,2066.0,19.0,Yes,5
aopisaac,99.14493373236427,0.8550662676357419,2319.0,20.0,Yes,5
ap1122,83.33333333333334,16.666666666666664,25.0,5.0,Yes,5
apajax6,96.07329842931938,3.926701570680628,367.0,15.0,Yes,5
apalma,99.68350720900247,0.31649279099753835,8504.0,27.0,Yes,5
apdow,99.08872901678657,0.9112709832134293,2066.0,19.0,Yes,5
aphil33,95.29411764705881,4.705882352941177,162.0,8.0,Yes,5
aphoung,99.08872901678657,0.9112709832134293,2066.0,19.0,Yes,5
apollo16,92.81767955801105,7.18232044198895,168.0,13.0,Yes,5
apollo2325,97.17514124293785,2.824858757062147,344.0,10.0,Yes,5
apple1,92.81767955801105,7.18232044198895,168.0,13.0,Yes,5
applefan,92.81767955801105,7.18232044198895,168.0,13.0,Yes,5
applejack,97.17514124293785,2.824858757062147,344.0,10.0,Yes,5
applejack1,99.4057810454225,0.5942189545775003,9870.0,59.0,Yes,5
appleman,95.42483660130719,4.57516339869281,438.0,21.0,Yes,5
applepete,99.506331830865,0.49366816913500755,9272.0,46.0,Yes,5
applesauer,92.81767955801105,7.18232044198895,168.0,13.0,Yes,5
appproachingmiddleage,99.60384833050368,0.39615166949632147,10560.0,42.0,Yes,5
appstate,83.33333333333334,16.666666666666664,25.0,5.0,Yes,5
appy,99.08872901678657,0.9112709832134293,2066.0,19.0,Yes,5
apriamos,99.4057810454225,0.5942189545775003,9870.0,59.0,Yes,5
apricotlady,96.07329842931938,3.926701570680628,367.0,15.0,Yes,5
april,99.55580233203776,0.44419766796224325,10758.0,48.0,Yes,5
april500,99.08872901678657,0.9112709832134293,2066.0,19.0,Yes,5
april614,96.07329842931938,3.926701570680628,367.0,15.0,Yes,5
aprilg87,99.4057810454225,0.5942189545775003,9870.0,59.0,No,5
aprilgoddess,97.9002624671916,2.099737532808399,373.0,8.0,Yes,5
aprilove,99.08872901678657,0.9112709832134293,2066.0,19.0,Yes,5
aprilrdh,99.08872901678657,0.9112709832134293,2066.0,19.0,Yes,5
aprils mommy,83.33333333333334,16.666666666666664,25.0,5.0,Yes,5
aprilsmommy,83.33333333333334,16.666666666666664,25.0,5.0,Yes,5
apro3566,98.49462365591398,1.5053763440860215,2290.0,35.0,Yes,5
apupplo,99.08872901678657,0.9112709832134293,2066.0,19.0,Yes,5
apw513,99.63734206832008,0.3626579316799251,8517.0,31.0,Yes,5
aquagremlin,92.81767955801105,7.18232044198895,168.0,13.0,Yes,5
aquario67,95.42483660130719,4.57516339869281,438.0,21.0,Yes,5
aquinn27,99.08872901678657,0.9112709832134293,2066.0,19.0,Yes,5
arabrab,95.29411764705881,4.705882352941177,162.0,8.0,Yes,5
arcadian,97.01253667644704,2.9874633235529475,3637.0,112.0,Yes,5
arcticblond,96.07329842931938,3.926701570680628,367.0,15.0,Yes,5
arcticfox,91.30434782608695,8.695652173913043,105.0,10.0,Yes,5
ardi,96.07329842931938,3.926701570680628,367.0,15.0,Yes,5
areces10406,92.81767955801105,7.18232044198895,168.0,13.0,Yes,5
arenoresident,98.88320148906467,1.116798510935319,2125.0,24.0,Yes,5
aret21,96.07329842931938,3.926701570680628,367.0,15.0,Yes,5
arganlover,92.95774647887323,7.042253521126761,132.0,10.0,Yes,5
argylemaniac,97.01253667644704,2.9874633235529475,3637.0,112.0,Yes,5
aria,91.0344827586207,8.96551724137931,264.0,26.0,Yes,5
ariana,99.08872901678657,0.9112709832134293,2066.0,19.0,Yes,5
arianekim,99.08872901678657,0.9112709832134293,2066.0,19.0,Yes,5
arib,99.08872901678657,0.9112709832134293,2066.0,19.0,Yes,5
arie,99.08872901678657,0.9112709832134293,2066.0,19.0,Yes,5
ariel52,98.22109275730622,1.7789072426937738,2319.0,42.0,Yes,5
aries dollface,97.9002624671916,2.099737532808399,373.0,8.0,Yes,5
arimom,84.0,16.0,21.0,4.0,Yes,5
arinmn,99.613171053873,0.3868289461269931,10558.0,41.0,Yes,5
arivalz,99.62586227054835,0.37413772945165436,8521.0,32.0,Yes,5
arivera444,99.08872901678657,0.9112709832134293,2066.0,19.0,Yes,5
arizona,96.07329842931938,3.926701570680628,367.0,15.0,Yes,5
arkansan,96.07329842931938,3.926701570680628,367.0,15.0,Yes,5
arkansasjeff,95.42483660130719,4.57516339869281,438.0,21.0,Yes,5
arkblaze,99.08872901678657,0.9112709832134293,2066.0,19.0,Yes,5
arkeeper,98.88320148906467,1.116798510935319,2125.0,24.0,Yes,5
arkydoodlebug,98.22109275730622,1.7789072426937738,2319.0,42.0,Yes,5
arlandry,99.08872901678657,0.9112709832134293,2066.0,19.0,Yes,5
arlemdelarosa12,99.60268659540252,0.39731340459748365,10529.0,42.0,Yes,5
arlene,99.506331830865,0.49366816913500755,9272.0,46.0,Yes,5
arlene the office manager,99.03719912472647,0.9628008752735231,2263.0,22.0,Yes,5
arleneation,99.60268659540252,0.39731340459748365,10529.0,42.0,Yes,5
